{
  "dataset": "nfcorpus",
  "num_queries": 323,
  "rrf_metrics": {
    "ndcg": 0.3309001483236843,
    "recall": 0.16308698561068746,
    "precision": 0.25263157894736843,
    "map": 0.11861344354075005,
    "mrr": 0.5207786623421298,
    "latency": 50.228541722880166
  },
  "int_metrics": {
    "ndcg": 0.3124398566804346,
    "recall": 0.15557929037892196,
    "precision": 0.23436532507739938,
    "map": 0.11326376988781016,
    "mrr": 0.48380755811096365,
    "latency": 55.70455316393622
  },
  "speedup": 0.9016954426518713
}