{
  "dataset": "nfcorpus",
  "num_queries": 323,
  "rrf_metrics": {
    "ndcg": 0.3309001483236843,
    "recall": 0.16308698561068746,
    "precision": 0.25263157894736843,
    "map": 0.11861344354075005,
    "mrr": 0.5207786623421298,
    "latency": 55.21542756820397
  },
  "cascaded_metrics": {
    "ndcg": 0.2986125633795221,
    "recall": 0.14672223933041662,
    "precision": 0.28696987566956605,
    "map": 0.11026634933610267,
    "mrr": 0.48353850312054647,
    "latency": 19.35100847575525,
    "stage1_ms": 6.565050724043219,
    "stage2_ms": 12.649600305046667,
    "stage3_ms": 0.13635744666536526
  },
  "speedup": 2.8533617582454687,
  "effectiveness_change": {
    "ndcg": -0.03228758494416223,
    "recall": -0.016364746280270848,
    "precision": 0.034338296722197625
  }
}