{
  "dataset": "nfcorpus",
  "num_queries": 323,
  "metrics": {
    "ndcg": 0.17145433089477735,
    "recall": 0.08821265949334668,
    "precision": 0.2083599659103015,
    "map": 0.05943299691059529,
    "mrr": 0.2988774368807926,
    "latency": 4455.040314138301,
    "stage1_ms": 19.70807113411255,
    "stage2_ms": 4435.332243004189
  }
}